{
  "N501": [
    1.2734184182975599,
    103.5567973315965
  ],
  "N502": [
    1.2733976221134702,
    103.55825306448278
  ],
  "N503": [
    1.269923371705134,
    103.54816021216995
  ],
  "N504": [
    1.2797698654862857,
    103.54102490734466
  ],
  "N505": [
    1.2854361369651857,
    103.54758167394087
  ],
  "N506": [
    1.2721864771306406,
    103.54822260354759
  ],
  "N507": [
    1.2722318526780192,
    103.54996956212166
  ],
  "N508": [
    1.2721297576964175,
    103.54633951833138
  ],
  "N509": [
    1.2719709432805923,
    103.54518244187321
  ],
  "N510": [
    1.2718801921858351,
    103.5439119265466
  ],
  "N511": [
    1.2719255677332137,
    103.54260737955947
  ],
  "N512": [
    1.27189153607268,
    103.54132552034602
  ],
  "N513": [
    1.2702693602538957,
    103.54132552034602
  ],
  "N514": [
    1.2702693602538957,
    103.54263006733316
  ],
  "N515": [
    1.270314735801274,
    103.54399133375452
  ],
  "N516": [
    1.270314735801274,
    103.54522781742058
  ],
  "N517": [
    1.270314735801274,
    103.54648698886034
  ],
  "N518": [
    1.2726629203781157,
    103.54580635564966
  ],
  "N519": [
    1.2695433514958383,
    103.5458403873102
  ],
  "N520": [
    1.2695660392695276,
    103.54458121587044
  ],
  "N521": [
    1.269554695382683,
    103.54329935665699
  ],
  "N522": [
    1.2696000709300614,
    103.5419040585751
  ],
  "N523": [
    1.2725721692833585,
    103.54192674634879
  ],
  "N524": [
    1.2725948570570478,
    103.54332204443068
  ],
  "N525": [
    1.2726288887175816,
    103.54455852809674
  ],
  "N526": [
    1.270189953045983,
    103.5499809060085
  ],
  "N527": [
    1.2710634323330208,
    103.54189271468826
  ],
  "N528": [
    1.271052088446176,
    103.54327666888331
  ],
  "N529": [
    1.2711088078803994,
    103.54458121587044
  ],
  "N530": [
    1.2711428395409332,
    103.54587441897073
  ],
  "N531": [
    1.2710294006724867,
    103.55054242840733
  ],
  "N532": [
    1.2725835131702032,
    103.55059914784154
  ],
  "N533": [
    1.272560825396514,
    103.55188100705499
  ],
  "N534": [
    1.2710180567856422,
    103.55188100705499
  ],
  "N535": [
    1.2710294006724867,
    103.55318555404212
  ],
  "N536": [
    1.2725948570570478,
    103.55318555404212
  ],
  "N537": [
    1.2725948570570478,
    103.55445606936873
  ],
  "N538": [
    1.271052088446176,
    103.55445606936873
  ],
  "N539": [
    1.2695320076089938,
    103.55449010102926
  ],
  "N540": [
    1.2696000709300614,
    103.55316286626844
  ],
  "N541": [
    1.2695660392695276,
    103.55189235094183
  ],
  "N542": [
    1.2695433514958383,
    103.55050839674679
  ],
  "N543": [
    1.270189953045983,
    103.55125142133511
  ],
  "N544": [
    1.2718007849779227,
    103.55125142133511
  ],
  "N545": [
    1.2718461605253013,
    103.5525219366617
  ],
  "N546": [
    1.2701786091591385,
    103.55260134386961
  ],
  "N547": [
    1.2718801921858351,
    103.55383782753569
  ],
  "N548": [
    1.270258016367051,
    103.553815139762
  ],
  "N549": [
    1.2719255677332137,
    103.55513103063598
  ],
  "N550": [
    1.2702126408196723,
    103.55510834286228
  ],
  "N551": [
    1.2730032369834547,
    103.54602756144315
  ],
  "N552": [
    1.2730145808702995,
    103.54693507239072
  ],
  "N553": [
    1.2730713003045226,
    103.54805811718835
  ],
  "N554": [
    1.2735363996651532,
    103.54893159647538
  ],
  "N555": [
    1.274183001215298,
    103.54897697202276
  ],
  "N556": [
    1.2747161638969962,
    103.54797870998043
  ],
  "N557": [
    1.274727507783841,
    103.54709388680655
  ],
  "N558": [
    1.274727507783841,
    103.54598218589577
  ],
  "N559": [
    1.2742850961968997,
    103.54526752102456
  ],
  "N560": [
    1.2735023680046191,
    103.54529020879825
  ],
  "N561": [
    1.2742624084232104,
    103.5427378342582
  ],
  "N562": [
    1.2742737523100551,
    103.54135388006316
  ],
  "N563": [
    1.2730372686439888,
    103.54134253617632
  ],
  "N564": [
    1.2730145808702995,
    103.54278320980558
  ],
  "N565": [
    1.2776740823917374,
    103.54266977093714
  ],
  "N566": [
    1.2768006031046997,
    103.54266977093714
  ],
  "N567": [
    1.276029218799264,
    103.54268111482398
  ],
  "N568": [
    1.2751557395122262,
    103.54272649037136
  ],
  "N569": [
    1.275257834493828,
    103.54493854830606
  ],
  "N570": [
    1.276085938233487,
    103.54491586053237
  ],
  "N571": [
    1.2768686664257676,
    103.5449498921929
  ],
  "N572": [
    1.277665574476605,
    103.54498392385351
  ],
  "N573": [
    1.2776060190706695,
    103.54710523069339
  ],
  "N574": [
    1.2767325397836318,
    103.54710523069339
  ],
  "N575": [
    1.2760632504597977,
    103.54710523069339
  ],
  "N576": [
    1.2760122029689962,
    103.54903723642143
  ],
  "N577": [
    1.273025924757144,
    103.55007165710329
  ],
  "N578": [
    1.2730486125308333,
    103.55092244861663
  ],
  "N579": [
    1.273059956417678,
    103.55197743009319
  ],
  "N580": [
    1.2730486125308333,
    103.55297569213552
  ],
  "N581": [
    1.2746934761233069,
    103.55002628155592
  ],
  "N582": [
    1.2746821322364623,
    103.55091110472979
  ],
  "N583": [
    1.2746707883496176,
    103.5519547423195
  ],
  "N584": [
    1.2747048200101516,
    103.55296434824868
  ],
  "N585": [
    1.2741943451021425,
    103.5537584203278
  ],
  "N586": [
    1.2736158068730656,
    103.55379245198833
  ],
  "N587": [
    1.2730372686439888,
    103.55521610978732
  ],
  "N588": [
    1.2746481005759283,
    103.55520476590048
  ],
  "N589": [
    1.2753911251642525,
    103.55661707981265
  ],
  "N590": [
    1.2753911251642525,
    103.55828463117882
  ],
  "N591": [
    1.276718359925076,
    103.55837538227357
  ],
  "N592": [
    1.2766956721513867,
    103.55653767260473
  ],
  "N593": [
    1.2766843282645421,
    103.55753593464706
  ],
  "N594": [
    1.2781363457806567,
    103.557467871326
  ],
  "N595": [
    1.2794408927677907,
    103.55745652743916
  ],
  "N596": [
    1.2807227519812356,
    103.55743383966546
  ],
  "N597": [
    1.2806887203207018,
    103.5583867261604
  ],
  "N598": [
    1.2806660325470125,
    103.55644692150997
  ],
  "N599": [
    1.2794408927677907,
    103.55656036037843
  ],
  "N600": [
    1.2780682824595888,
    103.5566057359258
  ],
  "N601": [
    1.278056938572744,
    103.55835269449987
  ],
  "N602": [
    1.27946358054148,
    103.5583867261604
  ],
  "N603": [
    1.2806546886601677,
    103.55507431120178
  ],
  "N604": [
    1.2793955172204121,
    103.55510834286231
  ],
  "N605": [
    1.278635476801821,
    103.55510834286231
  ],
  "N606": [
    1.2786127890281318,
    103.55399664195154
  ],
  "N607": [
    1.2786468206886656,
    103.55314585043818
  ],
  "N608": [
    1.2786241329149763,
    103.55212490062218
  ],
  "N609": [
    1.2781363457806567,
    103.55072393059685
  ],
  "N610": [
    1.2766843282645421,
    103.55074661837054
  ],
  "N611": [
    1.282395975290821,
    103.55636184235865
  ],
  "N612": [
    1.282390303347399,
    103.55796133040376
  ],
  "N613": [
    1.2813126340971577,
    103.5589369046724
  ],
  "N614": [
    1.2850617886993128,
    103.55865330750129
  ],
  "N615": [
    1.2838253050332464,
    103.5587100269355
  ],
  "N616": [
    1.2838253050332464,
    103.55584002356382
  ],
  "N617": [
    1.2849710376045556,
    103.55587405522435
  ],
  "N618": [
    1.2824980702724238,
    103.5549665442768
  ],
  "N619": [
    1.285243290888828,
    103.5541044088766
  ],
  "N620": [
    1.2840181511096063,
    103.5541044088766
  ],
  "N621": [
    1.2826795724619382,
    103.5541044088766
  ],
  "N622": [
    1.2812956182668915,
    103.55413844053714
  ],
  "N623": [
    1.2799031561567114,
    103.55420650385821
  ],
  "N624": [
    1.2798691244961775,
    103.55244820139728
  ],
  "N625": [
    1.2799825633646238,
    103.55075796225744
  ],